{
  "packages/shared/src/types.ts": 1774975652.430027,
  "packages/shared/src/constants.ts": 1775375906.8644533,
  "packages/shared/src/index.ts": 1774139858.218924,
  "programs/agent-registry/migrations/deploy.ts": 1774139995.758218,
  "programs/agent-registry/tests/agent-registry.ts": 1774139995.758218,
  "programs/agent-registry/programs/agent-registry/src/error.rs": 1774381262.0092928,
  "programs/agent-registry/programs/agent-registry/src/constants.rs": 1774139995.6517785,
  "programs/agent-registry/programs/agent-registry/src/lib.rs": 1774548848.6747766,
  "programs/agent-escrow/migrations/deploy.ts": 1774140543.9388409,
  "programs/agent-escrow/tests/agent-escrow.ts": 1774140543.9388409,
  "programs/agent-escrow/programs/agent-escrow/src/error.rs": 1774140543.7693293,
  "programs/agent-escrow/programs/agent-escrow/src/constants.rs": 1774140543.7693117,
  "programs/agent-escrow/programs/agent-escrow/src/lib.rs": 1774141920.0726974,
  "apps/api/test-agent-tick.ts": 1775201227.717369,
  "apps/api/test-data-sources.ts": 1775215002.961604,
  "apps/api/test-pipeline.ts": 1775198311.801848,
  "apps/api/src/seed.ts": 1774674938.5812252,
  "apps/api/src/seed-prompts.ts": 1774709741.1158187,
  "apps/api/src/index.ts": 1774973418.7771468,
  "apps/api/src/anchor/registry-client.ts": 1774381907.0209856,
  "apps/api/src/anchor/job-client.ts": 1774550465.3556068,
  "apps/api/src/anchor/agent_registry.ts": 1774381881.3676648,
  "apps/api/src/agents/politics-agent.ts": 1775377871.6822293,
  "apps/api/src/agents/signal-weights.ts": 1775196017.9174407,
  "apps/api/src/agents/execution-engine.ts": 1775288284.9627357,
  "apps/api/src/agents/fsm.ts": 1774728824.7307281,
  "apps/api/src/agents/sports-agent.ts": 1775289884.9308908,
  "apps/api/src/agents/general-agent.ts": 1775377705.9099941,
  "apps/api/src/agents/strategy-engine.ts": 1775376480.8288355,
  "apps/api/src/agents/registry.ts": 1774662227.2286725,
  "apps/api/src/agents/supervisor.ts": 1775405077.1187074,
  "apps/api/src/agents/crypto-agent.ts": 1775289907.458808,
  "apps/api/src/agents/shared-helpers.ts": 1774975922.2001927,
  "apps/api/src/data-sources/defillama.ts": 1774733507.2383988,
  "apps/api/src/data-sources/sports-odds.ts": 1774733587.606693,
  "apps/api/src/data-sources/fred.ts": 1774174381.264942,
  "apps/api/src/data-sources/acled.ts": 1774174267.1439707,
  "apps/api/src/data-sources/coingecko.ts": 1774733424.8991103,
  "apps/api/src/data-sources/twitter.ts": 1774973799.5917873,
  "apps/api/src/data-sources/nasa-firms.ts": 1774973799.4917884,
  "apps/api/src/data-sources/gdelt.ts": 1774174259.8239896,
  "apps/api/src/leaderboard/index.ts": 1774665084.121947,
  "apps/api/src/ai/types.ts": 1775195819.8315246,
  "apps/api/src/ai/tools.ts": 1775195874.981523,
  "apps/api/src/ai/pipeline.ts": 1775377744.517692,
  "apps/api/src/ai/models.ts": 1775377666.9214597,
  "apps/api/src/db/schema.ts": 1775378841.4331315,
  "apps/api/src/db/index.ts": 1774139913.6400697,
  "apps/api/src/utils/context.ts": 1774139886.1720026,
  "apps/api/src/utils/cache.ts": 1774733328.4437914,
  "apps/api/src/utils/trpc.ts": 1774139885.252,
  "apps/api/src/utils/redis.ts": 1774139887.4660058,
  "apps/api/src/utils/circuit-breaker.ts": 1774975998.9099474,
  "apps/api/src/utils/privy.ts": 1774385688.492163,
  "apps/api/src/routers/agent.ts": 1774674480.1870909,
  "apps/api/src/routers/evolution.ts": 1774973993.542522,
  "apps/api/src/routers/trade.ts": 1774973892.5466735,
  "apps/api/src/routers/leaderboard.ts": 1774665102.3240814,
  "apps/api/src/routers/job.ts": 1775403047.5048864,
  "apps/api/src/routers/feed.ts": 1774672645.265665,
  "apps/api/src/routers/_app.ts": 1774709555.0644712,
  "apps/api/src/routers/user.ts": 1774175054.9012477,
  "apps/api/src/routers/market.ts": 1774173498.2659557,
  "apps/api/src/ws/index.ts": 1775291758.225129,
  "apps/api/src/plugins/polymarket-plugin.ts": 1775289789.9481313,
  "apps/api/src/plugins/risk-plugin.ts": 1775215210.7935796,
  "apps/api/src/feed/index.ts": 1775224955.0284393,
  "apps/api/src/services/web-search.ts": 1775196246.7527356,
  "apps/api/src/services/signal-cache.ts": 1774976146.4593594,
  "apps/api/src/services/evolution-service.ts": 1774975852.0843415,
  "apps/api/src/services/trade-service.ts": 1774985865.7031894,
  "apps/api/src/services/queue-service.ts": 1774175092.2856781,
  "apps/api/src/services/alert-service.ts": 1775195929.1374013,
  "apps/api/src/services/market-service.ts": 1775289801.1153064,
  "apps/mobile/metro.config.js": 1774207507.0937786,
  "apps/mobile/expo-env.d.ts": 1775585427.3741663,
  "apps/mobile/entrypoint.js": 1774208130.137273,
  "apps/mobile/constants/Colors.ts": 1775227335.2996016,
  "apps/mobile/src/components/CategoryChip.tsx": 1774201939.923768,
  "apps/mobile/src/components/FeedFilterBar.tsx": 1775227456.269951,
  "apps/mobile/src/components/AgentSelector.tsx": 1775227483.98326,
  "apps/mobile/src/components/AgentCard.tsx": 1774665927.8342044,
  "apps/mobile/src/components/UserLeaderboardRow.tsx": 1774665667.860575,
  "apps/mobile/src/components/AuthSync.tsx": 1774461882.7607694,
  "apps/mobile/src/components/SkeletonLoader.tsx": 1774201941.0527575,
  "apps/mobile/src/components/GlobalStatsBanner.tsx": 1774665568.8990245,
  "apps/mobile/src/components/Sparkline.tsx": 1774665600.9928277,
  "apps/mobile/src/components/FeedItem.tsx": 1775308058.5842388,
  "apps/mobile/src/lib/solana.ts": 1774992745.9940581,
  "apps/mobile/src/lib/api.ts": 1774673331.6988044,
  "apps/mobile/src/lib/ws.ts": 1775214333.8202312,
  "apps/mobile/src/lib/privy.ts": 1774988668.8712468,
  "apps/mobile/src/stores/authStore.ts": 1775306062.6358442,
  "apps/mobile/src/data/mock-data.ts": 1774652546.4429817,
  "apps/mobile/src/hooks/useLiveFeed.ts": 1774665545.8251987,
  "apps/mobile/src/hooks/useSolBalance.ts": 1774284072.6343148,
  "apps/mobile/app/create-agent.tsx": 1774622572.5197272,
  "apps/mobile/app/login.tsx": 1774393534.5346277,
  "apps/mobile/app/_layout.tsx": 1774442778.8781967,
  "apps/mobile/app/job/[id].tsx": 1774986727.2612948,
  "apps/mobile/app/agent/[id].tsx": 1775224279.796862,
  "apps/mobile/app/(tabs)/index.tsx": 1774675000.8339334,
  "apps/mobile/app/(tabs)/feed.tsx": 1775308072.6213007,
  "apps/mobile/app/(tabs)/profile.tsx": 1774547503.2589717,
  "apps/mobile/app/(tabs)/_layout.tsx": 1774201976.7014213,
  "apps/mobile/app/(tabs)/leaderboard.tsx": 1774675083.176538,
  "final_plan_architecture.md": 1774139517.4299092,
  "AGENTS.md": 1775729777.3427317,
  "SETUP.md": 1775218839.5715902,
  "exa.md": 1775195077.668883,
  "apps/mobile/assets/images/icon.png": 499162500.0,
  "apps/mobile/assets/images/splash-icon.png": 499162500.0,
  "apps/mobile/assets/images/favicon.png": 499162500.0,
  "apps/mobile/assets/images/android-icon-background.png": 499162500.0,
  "apps/mobile/assets/images/android-icon-foreground.png": 499162500.0,
  "apps/mobile/assets/images/android-icon-monochrome.png": 499162500.0
}